From,To
910GACTNCTL-1001002-AC-3,910GACTNCTL-1001002-RLY-4
910GACTNCTL-1001002-ENTR-7,910GACTNCTL-1001002-RPL-5
910GACTNCTL-1001002-RLY-4,910GACTNCTL-1001002-AC-3
910GACTNCTL-1001002-RPL-5,910GACTNCTL-1001002-ENTR-7
910GBCKNHMH-1001017-EntM-6,910GBCKNHMH-1001017-RPL-S-3
910GBCKNHMH-1001017-RPL-S-3,910GBCKNHMH-1001017-EntM-6
910GBROCKLY-1001035-CEntr-2,910GBROCKLY-1001035-RLY-3
910GBROCKLY-1001035-MEntr-5,910GBROCKLY-1001035-RLY-3
910GBROCKLY-1001035-RLY-3,910GBROCKLY-1001035-CEntr-2
910GBROCKLY-1001035-RLY-3,910GBROCKLY-1001035-MEntr-5
910GCFPK-1001076-Bus-1,910GCFPK-1001076-EntB-5
910GCFPK-1001076-EntB-5,910GCFPK-1001076-Bus-1
910GCOLSDNS-1001072-EntrB-3,910GCOLSDNS-1001072-RPLN-2
910GCOLSDNS-1001072-RPLN-2,910GCOLSDNS-1001072-EntrB-3
910GCRKLWD-1001075-Entr-3,910GCRKLWD-1001075-RPL1-2
910GCRKLWD-1001075-RPL1-2,910GCRKLWD-1001075-Entr-3
910GCRLN-1001058-EntD-5,910GCRLN-1001058-RPL-W-3
910GCRLN-1001058-EntT-4,910GCRLN-1001058-RPL-E-2
910GCRLN-1001058-RPL-E-2,910GCRLN-1001058-EntT-4
910GCRLN-1001058-RPL-W-3,910GCRLN-1001058-EntD-5
910GCRSHLTN-1001051-Entr-3,910GCRSHLTN-1001051-RPLW-2
910GCRSHLTN-1001051-RPLW-2,910GCRSHLTN-1001051-Entr-3
910GEMRSPKH-1001098-RLY-4,910GEMRSPKH-1001098-RPL-2
910GEMRSPKH-1001098-RPL-2,910GEMRSPKH-1001098-RLY-4
910GESTFLDS-1001555-Ent1-5,910GESTFLDS-1001555-RPL-N-1
910GESTFLDS-1001555-Ent2-9,910GESTFLDS-1001555-RPL-S-3
910GESTFLDS-1001555-EntG-10,910GESTFLDS-1001555-RPL-S-3
910GESTFLDS-1001555-EntR-6,910GESTFLDS-1001555-RPL-N-1
910GESTFLDS-1001555-RPL-N-1,910GESTFLDS-1001555-Ent1-5
910GESTFLDS-1001555-RPL-N-1,910GESTFLDS-1001555-EntR-6
910GESTFLDS-1001555-RPL-S-3,910GESTFLDS-1001555-Ent2-9
910GESTFLDS-1001555-RPL-S-3,910GESTFLDS-1001555-EntG-10
910GFRSTGT-1001111-Bus-1,910GFRSTGT-1001111-EntW-6
910GFRSTGT-1001111-EntW-6,910GFRSTGT-1001111-Bus-1
910GHACKNYC-1001127-Entr-3,910GHACKNYC-1001127-RPL E-2
910GHACKNYC-1001127-IENT-7,910GHACKNYC-1001127-RPL E-2
910GHACKNYC-1001127-RPL E-2,910GHACKNYC-1001127-Entr-3
910GHACKNYC-1001127-RPL E-2,910GHACKNYC-1001127-IENT-7
910GHANWELL-1001135-BHS-5,910GHANWELL-1001135-SEntr-4
910GHANWELL-1001135-SEntr-4,910GHANWELL-1001135-BHS-5
910GHDON-1001148-Bus-1,910GHDON-1001148-EntrL-3
910GHDON-1001148-EntrL-3,910GHDON-1001148-Bus-1
910GHEDSTNL-1001146-EntrL-3,910GHEDSTNL-1001146-RPL N-4
910GHEDSTNL-1001146-RPL N-4,910GHEDSTNL-1001146-EntrL-3
910GHGHMSPK-1001150-LHA-6,910GHGHMSPK-1001150-SUB-7
910GHGHMSPK-1001150-SUB-7,910GHGHMSPK-1001150-LHA-6
910GHOMRTON-1001153-RLY-4,910GHOMRTON-1001153-RPL-E-1
910GHOMRTON-1001153-RPL-E-1,910GHOMRTON-1001153-RLY-4
910GHOMRTON-1001153-RPL-W-3,910GHOMRTON-1001153-SUB-5
910GHOMRTON-1001153-SUB-5,910GHOMRTON-1001153-RPL-W-3
910GHRGYGL-1001139-EntrE-5,910GHRGYGL-1001139-RPL-E-4
910GHRGYGL-1001139-EntrW-3,910GHRGYGL-1001139-RPL-W-2
910GHRGYGL-1001139-RPL-E-4,910GHRGYGL-1001139-EntrE-5
910GHRGYGL-1001139-RPL-W-2,910GHRGYGL-1001139-EntrW-3
910GHRLDWOD-1001137-EntC-6,910GHRLDWOD-1001137-RPL-4-5
910GHRLDWOD-1001137-EntS-3,910GHRLDWOD-1001137-FBdg-8
910GHRLDWOD-1001137-FBdg-8,910GHRLDWOD-1001137-EntS-3
910GHRLDWOD-1001137-RPL-4-5,910GHRLDWOD-1001137-EntC-6
910GHYDNSRD-1001143-Bus-1,910GHYDNSRD-1001143-Ent-1-5
910GHYDNSRD-1001143-Bus-1,910GHYDNSRD-1001143-Ent-2-6
910GHYDNSRD-1001143-Ent-1-5,910GHYDNSRD-1001143-Bus-1
910GHYDNSRD-1001143-Ent-1-5,910GHYDNSRD-1001143-RPL-E-2
910GHYDNSRD-1001143-Ent-2-6,910GHYDNSRD-1001143-Bus-1
910GHYDNSRD-1001143-RPL-E-2,910GHYDNSRD-1001143-Ent-1-5
910GKENR-1001161-Bus-1,910GKENR-1001161-CHAM-4
910GKENR-1001161-CHAM-4,910GKENR-1001161-Bus-1
910GMANRPK-1001189-Bus-1,910GMANRPK-1001189-EntS-6
910GMANRPK-1001189-EntS-6,910GMANRPK-1001189-Bus-1
910GMDNHEAD-1000964-EntSR-91,910GMDNHEAD-1000964-RPL1-1
910GMDNHEAD-1000964-RPL1-1,910GMDNHEAD-1000964-EntSR-91
910GMLHB-1001193-EntC-7,910GMLHB-1001193-RPL3-4
910GMLHB-1001193-RPL3-4,910GMLHB-1001193-EntC-7
910GNBARNET-1001201-Bus-1,910GNBARNET-1001201-EntW-6
910GNBARNET-1001201-EntW-6,910GNBARNET-1001201-Bus-1
910GPLMS-1001227-Bus-4,910GPLMS-1001227-Ent T-3
910GPLMS-1001227-Ent T-3,910GPLMS-1001227-Bus-4
910GPURLEY-1001229-BusE-9,910GPURLEY-1001229-Entr-3
910GPURLEY-1001229-Entr-3,910GPURLEY-1001229-BusE-9
910GRBRN-1001236-Entr2-5,910GRBRN-1001236-RPLS-4
910GRBRN-1001236-RPLS-4,910GRBRN-1001236-Entr2-5
910GROMFORD-1001243-EntS-8,910GROMFORD-1001243-UP-11
910GROMFORD-1001243-RPL-2-4,910GROMFORD-1001243-UP-11
910GROMFORD-1001243-RPL-3-5,910GROMFORD-1001243-UP-11
910GROMFORD-1001243-RPL-5-6,910GROMFORD-1001243-UP-11
910GROMFORD-1001243-UP-11,910GROMFORD-1001243-EntS-8
910GROMFORD-1001243-UP-11,910GROMFORD-1001243-RPL-2-4
910GROMFORD-1001243-UP-11,910GROMFORD-1001243-RPL-3-5
910GROMFORD-1001243-UP-11,910GROMFORD-1001243-RPL-5-6
910GSACTON-1001254-Entr-3,910GSACTON-1001254-RPL-2
910GSACTON-1001254-Entr-4,910GSACTON-1001254-RLY-6
910GSACTON-1001254-Entr-4,910GSACTON-1001254-RPL-5
910GSACTON-1001254-RLY-6,910GSACTON-1001254-Entr-4
910GSACTON-1001254-RPL-2,910GSACTON-1001254-Entr-3
910GSACTON-1001254-RPL-5,910GSACTON-1001254-Entr-4
910GSTRETHM-1001279-Bus-1,910GSTRETHM-1001279-EntM-5
910GSTRETHM-1001279-EntM-5,910GSTRETHM-1001279-Bus-1
910GSURREYQ-1000229-A-LOW-4,910GSURREYQ-1000229-BusAO-1
910GSURREYQ-1000229-A-ROT-5,910GSURREYQ-1000229-BusL-7
910GSURREYQ-1000229-BusAO-1,910GSURREYQ-1000229-A-LOW-4
910GSURREYQ-1000229-BusAO-1,910GSURREYQ-1000229-BusL-7
910GSURREYQ-1000229-BusL-7,910GSURREYQ-1000229-A-ROT-5
910GSURREYQ-1000229-BusL-7,910GSURREYQ-1000229-BusAO-1
910GSUTTON-1001286-Bus H-1,910GSUTTON-1001286-EntH-8
910GSUTTON-1001286-Bus H-1,910GSUTTON-1001286-EntM-7
910GSUTTON-1001286-Bus H-1,910GSUTTON-1001286-EntQ-6
910GSUTTON-1001286-Bus Q-5,910GSUTTON-1001286-EntH-8
910GSUTTON-1001286-Bus Q-5,910GSUTTON-1001286-EntM-7
910GSUTTON-1001286-EntH-8,910GSUTTON-1001286-Bus H-1
910GSUTTON-1001286-EntH-8,910GSUTTON-1001286-Bus Q-5
910GSUTTON-1001286-EntM-7,910GSUTTON-1001286-Bus H-1
910GSUTTON-1001286-EntM-7,910GSUTTON-1001286-Bus Q-5
910GSUTTON-1001286-EntQ-6,910GSUTTON-1001286-Bus H-1
910GSUTTON-1001286-EntQ-6,910GSUTTON-1001286-RPL-S-4
910GSUTTON-1001286-RPL-S-4,910GSUTTON-1001286-EntQ-6
910GUPRHLWY-1001302-EntrE-3,910GUPRHLWY-1001302-RPL-E-2
910GUPRHLWY-1001302-EntrW-5,910GUPRHLWY-1001302-RPL-W-4
910GUPRHLWY-1001302-RPL-E-2,910GUPRHLWY-1001302-EntrE-3
910GUPRHLWY-1001302-RPL-W-4,910GUPRHLWY-1001302-EntrW-5
910GWDRYTON-1001325-SUB-6,910GWDRYTON-1001325-WARW-4
910GWDRYTON-1001325-WARW-4,910GWDRYTON-1001325-SUB-6
910GWLTHQRD-1001308-RLY-4,910GWLTHQRD-1001308-RPL-N-1
910GWLTHQRD-1001308-RLY-4,910GWLTHQRD-1001308-RPL-S-3
910GWLTHQRD-1001308-RPL-N-1,910GWLTHQRD-1001308-RLY-4
910GWLTHQRD-1001308-RPL-S-3,910GWLTHQRD-1001308-RLY-4
940GZZDLABR-1003006-ABBEY-1,940GZZDLABR-1003006-BUS-7
940GZZDLABR-1003006-BUS-7,940GZZDLABR-1003006-ABBEY-1
940GZZDLBEC-1002011-CONC-4,940GZZDLBEC-1002011-DLR-2
940GZZDLBEC-1002011-DLR-2,940GZZDLBEC-1002011-CONC-4
940GZZDLBPK-1002012-BRDGE-5,940GZZDLBPK-1002012-DLR-E-2
940GZZDLBPK-1002012-BRDGE-5,940GZZDLBPK-1002012-DLR-W-4
940GZZDLBPK-1002012-DLR-E-2,940GZZDLBPK-1002012-BRDGE-5
940GZZDLBPK-1002012-DLR-E-2,940GZZDLBPK-1002012-STRAI-1
940GZZDLBPK-1002012-DLR-W-4,940GZZDLBPK-1002012-BRDGE-5
940GZZDLBPK-1002012-STRAI-1,940GZZDLBPK-1002012-DLR-E-2
940GZZDLCYP-1002028-BRDGE-6,940GZZDLCYP-1002028-DLR-E-2
940GZZDLCYP-1002028-BRDGE-6,940GZZDLCYP-1002028-DLR-W-5
940GZZDLCYP-1002028-DLR-E-2,940GZZDLCYP-1002028-BRDGE-6
940GZZDLCYP-1002028-DLR-W-5,940GZZDLCYP-1002028-BRDGE-6
940GZZDLDEV-1002030-CONC-5,940GZZDLDEV-1002030-DEVON-1
940GZZDLDEV-1002030-DEVON-1,940GZZDLDEV-1002030-CONC-5
940GZZDLEIN-1002033-BookH-4,940GZZDLEIN-1002033-SOUTH-2
940GZZDLEIN-1002033-SOUTH-2,940GZZDLEIN-1002033-BookH-4
940GZZDLMUD-1002061-DLR-N-3,940GZZDLMUD-1002061-SPIND-5
940GZZDLMUD-1002061-DLR-S-4,940GZZDLMUD-1002061-EAST-2
940GZZDLMUD-1002061-EAST-2,940GZZDLMUD-1002061-DLR-S-4
940GZZDLMUD-1002061-SPIND-5,940GZZDLMUD-1002061-DLR-N-3
940GZZDLRVC-1002071-DLR-E-2,940GZZDLRVC-1002071-VICTO-1
940GZZDLRVC-1002071-VICTO-1,940GZZDLRVC-1002071-DLR-E-2
940GZZDLSHS-1003007-BOOKH-2,940GZZDLSHS-1003007-BRIDG-1
940GZZDLSHS-1003007-BRIDG-1,940GZZDLSHS-1003007-BOOKH-2
940GZZDLSHS-1003007-BRS-4,940GZZDLSHS-1003007-BOOKH-2
940GZZDLWIQ-1002084-CONC-4,940GZZDLWIQ-1002084-MARKE-1
940GZZDLWIQ-1002084-MARKE-1,940GZZDLWIQ-1002084-CONC-4
940GZZLUACT-1000002-A-GUN-6,940GZZLUACT-1000002-BookH-8
940GZZLUACT-1000002-BookH-8,940GZZLUACT-1000002-A-GUN-6
940GZZLUBKH-1000033-A-VIC-2,940GZZLUBKH-1000033-CenEB-3
940GZZLUBKH-1000033-B-ALB-5,940GZZLUBKH-1000033-CenWB-8
940GZZLUBKH-1000033-CenEB-3,940GZZLUBKH-1000033-A-VIC-2
940GZZLUBKH-1000033-CenWB-8,940GZZLUBKH-1000033-B-ALB-5
940GZZLUBST-1000011-HamEB-4,940GZZLUBST-1000011-MetWB-8
940GZZLUBST-1000011-MetWB-8,940GZZLUBST-1000011-HamEB-4
940GZZLUBZP-1000020-A-BEL-2,940GZZLUBZP-1000020-BookH-4
940GZZLUBZP-1000020-BookH-4,940GZZLUBZP-1000020-A-BEL-2
940GZZLUCGN-1000056-A-LON-3,940GZZLUCGN-1000056-BookH-4
940GZZLUCTN-1000036-B-CAM-5,940GZZLUCTN-1000036-BookH-6
940GZZLUDGY-1000059-BookH-4,940GZZLUDGY-1000059-DistE-6
940GZZLUDGY-1000059-BookH-4,940GZZLUDGY-1000059-DistW-3
940GZZLUDGY-1000059-DistE-6,940GZZLUDGY-1000059-BookH-4
940GZZLUDGY-1000059-DistW-3,940GZZLUDGY-1000059-BookH-4
940GZZLUDOH-1000061-A-CHA-3,940GZZLUDOH-1000061-BookH-5
940GZZLUDOH-1000061-BookH-5,940GZZLUDOH-1000061-A-CHA-3
940GZZLUECT-1000064-A-EAR-2,940GZZLUECT-1000064-BookE-8
940GZZLUECT-1000064-BookE-8,940GZZLUECT-1000064-A-EAR-2
940GZZLUECT-1000064-B-WAR-7,940GZZLUECT-1000064-GANT-15
940GZZLUECT-1000064-GANT-15,940GZZLUECT-1000064-B-WAR-7
940GZZLUEMB-1000075-Bus-1,940GZZLUEMB-1000075-B-VIL-8
940GZZLUEMB-1000075-B-VIL-8,940GZZLUEMB-1000075-Bus-1
940GZZLUEPK-1000074-BookH-5,940GZZLUEPK-1000074-Distr-2
940GZZLUEPK-1000074-Distr-2,940GZZLUEPK-1000074-BookH-5
940GZZLUGPK-1000093-BookH-5,940GZZLUGPK-1000093-C-GRE-12
940GZZLUGPK-1000093-C-GRE-12,940GZZLUGPK-1000093-BookH-5
940GZZLUGTH-1000085-B-E-N-8,940GZZLUGTH-1000085-BookH-14
940GZZLUGTH-1000085-BookH-14,940GZZLUGTH-1000085-B-E-N-8
940GZZLUGTH-1000085-BookH-14,940GZZLUGTH-1000085-C-PER-9
940GZZLUGTH-1000085-BookH-14,940GZZLUGTH-1000085-E-CLA-11
940GZZLUGTH-1000085-BookH-14,940GZZLUGTH-1000085-G-W-S-4
940GZZLUGTH-1000085-BookH-14,940GZZLUGTH-1000085-H-W-N-5
940GZZLUGTH-1000085-C-PER-9,940GZZLUGTH-1000085-BookH-14
940GZZLUGTH-1000085-E-CLA-11,940GZZLUGTH-1000085-BookH-14
940GZZLUGTH-1000085-G-W-S-4,940GZZLUGTH-1000085-BookH-14
940GZZLUGTH-1000085-H-W-N-5,940GZZLUGTH-1000085-BookH-14
940GZZLUHBT-1000107-A-BAR-2,940GZZLUHBT-1000107-BookH-4
940GZZLUHBT-1000107-BookH-4,940GZZLUHBT-1000107-A-BAR-2
940GZZLUHGR-1000099-A-NW-4,940GZZLUHGR-1000099-BookH-8
940GZZLUHGR-1000099-B-NE-5,940GZZLUHGR-1000099-BookH-8
940GZZLUHGR-1000099-BookH-8,940GZZLUHGR-1000099-A-NW-4
940GZZLUHGR-1000099-BookH-8,940GZZLUHGR-1000099-B-NE-5
940GZZLUHGR-1000099-BookH-8,940GZZLUHGR-1000099-B-SE-7
940GZZLUHGR-1000099-BookH-8,940GZZLUHGR-1000099-B-SW-6
940GZZLUHGR-1000099-B-SE-7,940GZZLUHGR-1000099-BookH-8
940GZZLUHGR-1000099-B-SW-6,940GZZLUHGR-1000099-BookH-8
940GZZLUHPC-1000119-B-HYD-4,940GZZLUHPC-1000119-BookH-9
940GZZLUHPC-1000119-BookH-9,940GZZLUHPC-1000119-B-HYD-4
940GZZLUHPC-1000119-BookH-9,940GZZLUHPC-1000119-E-K-S-6
940GZZLUHPC-1000119-BookH-9,940GZZLUHPC-1000119-G-K-N-10
940GZZLUHPC-1000119-E-K-S-6,940GZZLUHPC-1000119-BookH-9
940GZZLUHPC-1000119-G-K-N-10,940GZZLUHPC-1000119-BookH-9
940GZZLUHPK-1000113-A-HOL-3,940GZZLUHPK-1000113-BookH-5
940GZZLUHPK-1000113-BookH-5,940GZZLUHPK-1000113-A-HOL-3
940GZZLULYS-1000137-A-FAI-4,940GZZLULYS-1000137-BookH-6
940GZZLULYS-1000137-B-CHU-5,940GZZLULYS-1000137-BookH-6
940GZZLULYS-1000137-BookH-6,940GZZLULYS-1000137-A-FAI-4
940GZZLULYS-1000137-BookH-6,940GZZLULYS-1000137-B-CHU-5
940GZZLUMBA-1000144-BookH-12,940GZZLUMBA-1000144-F-CAR-10
940GZZLUMBA-1000144-BookH-12,940GZZLUMBA-1000144-I-P-W-6
940GZZLUMBA-1000144-BookH-12,940GZZLUMBA-1000144-L-P-E-4
940GZZLUMBA-1000144-F-CAR-10,940GZZLUMBA-1000144-BookH-12
940GZZLUMBA-1000144-I-P-W-6,940GZZLUMBA-1000144-BookH-12
940GZZLUMBA-1000144-L-P-E-4,940GZZLUMBA-1000144-BookH-12
940GZZLUMHL-1000147-A-BIT-3,940GZZLUMHL-1000147-BookH-4
940GZZLUMHL-1000147-BookH-4,940GZZLUMHL-1000147-A-BIT-3
940GZZLUPCO-1000180-B-B-N-5,940GZZLUPCO-1000180-Subwy-3
940GZZLUPCO-1000180-C-B-S-4,940GZZLUPCO-1000180-Subwy-3
940GZZLUPCO-1000180-Subwy-3,940GZZLUPCO-1000180-B-B-N-5
940GZZLUPCO-1000180-Subwy-3,940GZZLUPCO-1000180-C-B-S-4
940GZZLUPNR-1000181-C-CEC-5,940GZZLUPNR-1000181-SubwC-7
940GZZLUPNR-1000181-SubwC-7,940GZZLUPNR-1000181-C-CEC-5
940GZZLURSQ-1000200-A-BER-4,940GZZLURSQ-1000200-BookH-5
940GZZLURSQ-1000200-BookH-5,940GZZLURSQ-1000200-A-BER-4
940GZZLURVY-1000194-A-STW-2,940GZZLURVY-1000194-CenWB-4
940GZZLURVY-1000194-CenEB-5,940GZZLURVY-1000194-C-STA-3
940GZZLURVY-1000194-CenWB-4,940GZZLURVY-1000194-A-STW-2
940GZZLURVY-1000194-C-STA-3,940GZZLURVY-1000194-CenEB-5
940GZZLUSJP-1000221-A-PET-7,940GZZLUSJP-1000221-BookT-5
940GZZLUSJP-1000221-BookT-5,940GZZLUSJP-1000221-A-PET-7
940GZZLUSTM-1000219-BookH-7,940GZZLUSTM-1000219-CAR P-5
940GZZLUSTM-1000219-Bus-1,940GZZLUSTM-1000219-CAR P-5
940GZZLUSTM-1000219-CAR P-5,940GZZLUSTM-1000219-BookH-7
940GZZLUSTM-1000219-CAR P-5,940GZZLUSTM-1000219-Bus-1
940GZZLUSUT-1000228-A-STA-5,940GZZLUSUT-1000228-Walkw-7
940GZZLUSUT-1000228-ORCHA-4,940GZZLUSUT-1000228-Walkw-7
940GZZLUSUT-1000228-PicEB-3,940GZZLUSUT-1000228-Walkw-7
940GZZLUSUT-1000228-PicWB-2,940GZZLUSUT-1000228-Walkw-7
940GZZLUSUT-1000228-Walkw-7,940GZZLUSUT-1000228-A-STA-5
940GZZLUSUT-1000228-Walkw-7,940GZZLUSUT-1000228-ORCHA-4
940GZZLUSUT-1000228-Walkw-7,940GZZLUSUT-1000228-PicEB-3
940GZZLUSUT-1000228-Walkw-7,940GZZLUSUT-1000228-PicWB-2
940GZZLUSWF-1000217-BookE-6,940GZZLUSWF-1000217-CenEB-2
940GZZLUSWF-1000217-BookW-7,940GZZLUSWF-1000217-CenWB-3
940GZZLUSWF-1000217-CenEB-2,940GZZLUSWF-1000217-BookE-6
940GZZLUSWF-1000217-CenWB-3,940GZZLUSWF-1000217-BookW-7
940GZZLUUPY-1000244-BookH-5,940GZZLUUPY-1000244-Distr-2
940GZZLUUPY-1000244-Distr-2,940GZZLUUPY-1000244-BookH-5
940GZZLUUXB-1000246-A-UXB-4,940GZZLUUXB-1000246-BookH-6
940GZZLUUXB-1000246-B-BUS-5,940GZZLUUXB-1000246-BookH-6
940GZZLUUXB-1000246-BookH-6,940GZZLUUXB-1000246-A-UXB-4
940GZZLUUXB-1000246-BookH-6,940GZZLUUXB-1000246-B-BUS-5
940GZZLUWSD-1000250-A-EAS-4,940GZZLUWSD-1000250-BookH-6
940GZZLUWSD-1000250-BookH-6,940GZZLUWSD-1000250-A-EAS-4
940GZZLUWYP-1000257-A-BRI-6,940GZZLUWYP-1000257-Bus-11
940GZZLUWYP-1000257-BookH-8,940GZZLUWYP-1000257-Bus-11
940GZZLUWYP-1000257-Bus-11,940GZZLUWYP-1000257-A-BRI-6
940GZZLUWYP-1000257-Bus-11,940GZZLUWYP-1000257-BookH-8
940GZZLUWYP-1000257-Bus-11,940GZZLUWYP-1000257-D-BRI-9
940GZZLUWYP-1000257-D-BRI-9,940GZZLUWYP-1000257-Bus-11
HUBABW-1001001-Bus-5,HUBABW-1001001-WILTO-1
HUBABW-1001001-WILTO-1,HUBABW-1001001-Bus-5
HUBBEK-1000327-Tram-2,HUBBEK-1001018-CP-9
HUBBEK-1001018-Bus-1,HUBBEK-1001018-CP-9
HUBBEK-1001018-CP-9,HUBBEK-1000327-Tram-2
HUBBEK-1001018-CP-9,HUBBEK-1001018-Bus-1
HUBBEK-1001018-PavA-11,HUBBEK-1001018-RPL E-7
HUBBEK-1001018-RPL E-7,HUBBEK-1001018-PavA-11
HUBBHO-1000024-BookH-7,HUBBHO-1000024-C-BLA-4
HUBBHO-1000024-C-BLA-4,HUBBHO-1000024-BookH-7
HUBBKG-1000015-DisEB-2,HUBBKG-1000015-Subwy-9
HUBBKG-1000015-DisWB-4,HUBBKG-1000015-Subwy-9
HUBBKG-1000015-HamWB-3,HUBBKG-1000015-Subwy-9
HUBBKG-1000015-RPL-D-7,HUBBKG-1000015-Subwy-9
HUBBKG-1000015-RPLFU-12,HUBBKG-1000015-Subwy-9
HUBBKG-1000015-RPL-G-8,HUBBKG-1000015-Subwy-9
HUBBKG-1000015-RPLTU-13,HUBBKG-1000015-Subwy-9
HUBBKG-1000015-Subwy-9,HUBBKG-1000015-DisEB-2
HUBBKG-1000015-Subwy-9,HUBBKG-1000015-DisWB-4
HUBBKG-1000015-Subwy-9,HUBBKG-1000015-HamWB-3
HUBBKG-1000015-Subwy-9,HUBBKG-1000015-RPL-D-7
HUBBKG-1000015-Subwy-9,HUBBKG-1000015-RPLFU-12
HUBBKG-1000015-Subwy-9,HUBBKG-1000015-RPL-G-8
HUBBKG-1000015-Subwy-9,HUBBKG-1000015-RPLTU-13
HUBCAW-1003008-DLR M-1,HUBCAW-1003008-SOUTH-5
HUBCAW-1003008-SOUTH-5,HUBCAW-1003008-DLR M-1
HUBCHX-1000045-1-STR-16,HUBCHX-1000045-RLY-21
HUBCHX-1000045-RLY-21,HUBCHX-1000045-1-STR-16
HUBCLJ-1001069-Bus-1,HUBCLJ-1001069-JOHNS-3
HUBCLJ-1001069-JOHNS-3,HUBCLJ-1001069-Bus-1
HUBCLW-1000049-B-CAR-2,HUBCLW-1000049-Subwa-5
HUBCLW-1000049-BookH-4,HUBCLW-1000049-Subwa-5
HUBCLW-1000049-MetEB-3,HUBCLW-1000049-Subwa-5
HUBCLW-1000049-MetWB-6,HUBCLW-1000049-Subwa-5
HUBCLW-1000049-RPL-E-7,HUBCLW-1000049-Subwa-5
HUBCLW-1000049-RPL-W-8,HUBCLW-1000049-Subwa-5
HUBCLW-1000049-Subwa-5,HUBCLW-1000049-B-CAR-2
HUBCLW-1000049-Subwa-5,HUBCLW-1000049-BookH-4
HUBCLW-1000049-Subwa-5,HUBCLW-1000049-MetEB-3
HUBCLW-1000049-Subwa-5,HUBCLW-1000049-MetWB-6
HUBCLW-1000049-Subwa-5,HUBCLW-1000049-RPL-E-7
HUBCLW-1000049-Subwa-5,HUBCLW-1000049-RPL-W-8
HUBCST-1000040-A-DOW-4,HUBCST-1000040-BookH-7
HUBCST-1000040-BookH-7,HUBCST-1000040-A-DOW-4
HUBCUS-1001079-CBH-9,HUBCUS-1001079-WalkE-13
HUBCUS-1001079-EXCEL-7,HUBCUS-1001079-WalkC-6
HUBCUS-1001079-WalkC-6,HUBCUS-1001079-EXCEL-7
HUBCUS-1001079-WalkE-13,HUBCUS-1001079-CBH-9
HUBEAL-1000062-DisEB-4,HUBEAL-1000062-Ramp-13
HUBEAL-1000062-DisWB-5,HUBEAL-1000062-Ramp-13
HUBEAL-1000062-Ramp-13,HUBEAL-1000062-DisWB-5
HUBECY-1001089-MnCon-6,HUBECY-1001089-RPL1-2
HUBECY-1001089-MnCon-6,HUBECY-1001089-RPL2-3
HUBECY-1001089-MnCon-6,HUBECY-1001089-RPL3-4
HUBECY-1001089-RPL1-2,HUBECY-1001089-MnCon-6
HUBECY-1001089-RPL2-3,HUBECY-1001089-MnCon-6
HUBECY-1001089-RPL3-4,HUBECY-1001089-MnCon-6
HUBFPK-1000083-B-STA-8,HUBFPK-1000083-Cor N-15
HUBFPK-1000083-Cor N-15,HUBFPK-1000083-B-STA-8
HUBGNW-1001123-RPL-E-3,HUBGNW-1001123-Sub-W-10
HUBGNW-1001123-RPL-E-3,HUBGNW-1001123-TARVE-5
HUBGNW-1001123-Sub-W-10,HUBGNW-1001123-RPL-E-3
HUBGNW-1001123-TARVE-5,HUBGNW-1001123-RPL-E-3
HUBH13-1000105-BookH-7,HUBH13-1000105-TER3A-3
HUBH13-1000105-BookH-7,HUBH13-1000105-TER3D-4
HUBH13-1000105-BookH-7,HUBH13-1000105-TERM1-6
HUBH13-1000105-TER3A-3,HUBH13-1000105-BookH-7
HUBH13-1000105-TER3D-4,HUBH13-1000105-BookH-7
HUBH13-1000105-TERM1-6,HUBH13-1000105-BookH-7
HUBHDN-1000100-ACTON-2,HUBHDN-1000100-RLY-4
HUBHDN-1000100-RLY-4,HUBHDN-1000100-ACTON-2
HUBHRW-1000101-RLY-5,HUBHRW-1000101-RPLAS-11
HUBHRW-1000101-RPLAS-11,HUBHRW-1000101-RLY-5
HUBHRW-1000101-RPLDN-12,HUBHRW-1000101-SANDR-99
HUBHRW-1000101-SANDR-99,HUBHRW-1000101-RPLDN-12
HUBHRW-1000101-SANDR-99,HUBHRW-1000101-UNB-10
HUBHRW-1000101-UNB-10,HUBHRW-1000101-SANDR-99
HUBIMP-1001347-Bus-3,HUBIMP-1001347-Entr-2
HUBIMP-1001347-Entr-2,HUBIMP-1001347-Bus-3
HUBKGX-1000129-NPN-6,HUBKGX-1000129-TTH-5
HUBKGX-1000129-TTH-5,HUBKGX-1000129-NPN-6
HUBKGX-1000129-WTH-2,HUBKGX-1001276-SPU-10
HUBKGX-1001276-SPU-10,HUBKGX-1000129-WTH-2
HUBKTN-1000123-EntK-12,HUBKTN-1000123-FBdg-9
HUBKTN-1000123-FBdg-9,HUBKTN-1000123-EntK-12
HUBLEW-1001177-DLR-2,HUBLEW-1001177-DLRB-5
HUBLEW-1001177-DLRB-5,HUBLEW-1001177-DLR-2
HUBLST-1000138-BookH-1,HUBLST-1000138-HamEB-4
HUBLST-1000138-HamEB-4,HUBLST-1000138-BookH-1
HUBPAD-1001221-Entr-3,HUBPAD-1001221-RPL-2
HUBPAD-1001221-RPL-2,HUBPAD-1001221-Entr-3
HUBRMD-1000192-Bus-1,HUBRMD-1000192-CHURC-6
HUBRMD-1000192-CHURC-6,HUBRMD-1000192-Bus-1
HUBSRA-1000226-Cen3A-16,HUBSRA-1000226-D-Bri-76
HUBSRA-1000226-CenWB-3,HUBSRA-1000226-D-Bri-76
HUBSRA-1000226-D-Bri-76,HUBSRA-1000226-Cen3A-16
HUBSRA-1000226-D-Bri-76,HUBSRA-1000226-CenWB-3
HUBSRA-1000226-D-Bri-76,HUBSRA-1000226-DLR-17
HUBSRA-1000226-D-Bri-76,HUBSRA-1000226-RPL-W-14
HUBSRA-1000226-DLR-17,HUBSRA-1000226-D-Bri-76
HUBSRA-1000226-RPL-W-14,HUBSRA-1000226-D-Bri-76
HUBTOM-1000236-A-STA-6,HUBTOM-1000236-LUBOO-1
HUBTOM-1000236-FER-S-5,HUBTOM-1000236-LUBOO-1
HUBTOM-1000236-LUBOO-1,HUBTOM-1000236-A-STA-6
HUBTOM-1000236-LUBOO-1,HUBTOM-1000236-FER-S-5
HUBUPM-1000242-Bus-6,HUBUPM-1000242-STATA-9
HUBUPM-1000242-STATA-9,HUBUPM-1000242-Bus-6
HUBVIC-1000248-BookC-11,HUBVIC-1000248-BookV-12
HUBVIC-1000248-BookV-12,HUBVIC-1000248-BookC-11
HUBVXH-1000247-BookH-10,HUBVXH-1000247-C-B-W-9
HUBVXH-1000247-BookH-10,HUBVXH-1000247-D-WAN-8
HUBVXH-1000247-BookH-10,HUBVXH-1000247-F-KEN-6
HUBVXH-1000247-C-B-W-9,HUBVXH-1000247-BookH-10
HUBVXH-1000247-D-WAN-8,HUBVXH-1000247-BookH-10
HUBVXH-1000247-F-KEN-6,HUBVXH-1000247-BookH-10
HUBWAT-1000254-BakSB-3,HUBWAT-1000254-LoCon-12
HUBWAT-1000254-BookM-18,HUBWAT-1000254-WCDep-9
HUBWAT-1000254-LoCon-12,HUBWAT-1000254-BakSB-3
HUBWAT-1000254-WCDep-9,HUBWAT-1000254-BookM-18
HUBWCY-1001324-Bus-1,HUBWCY-1001324-Stn-5
HUBWCY-1001324-Entr-3,HUBWCY-1002082-ENT-2
HUBWCY-1001324-RLY-9,HUBWCY-1001324-RPL S-2
HUBWCY-1001324-RPL S-2,HUBWCY-1001324-RLY-9
HUBWCY-1001324-Stn-5,HUBWCY-1001324-Bus-1
HUBWCY-1002082-ENT-2,HUBWCY-1001324-Entr-3
HUBWHC-1000249-A-SEL-4,HUBWHC-1000249-BookH-6
HUBWHC-1000249-BookH-6,HUBWHC-1000249-A-SEL-4
HUBWIJ-1000271-BookH-5,HUBWIJ-1000271-Sub-7
HUBWIJ-1000271-Bus-1,HUBWIJ-1000271-HABUS-9
HUBWIJ-1000271-HABUS-9,HUBWIJ-1000271-Bus-1
HUBWIJ-1000271-Sub-7,HUBWIJ-1000271-BookH-5
HUBWRU-1000267-BookH-6,HUBWRU-1000267-CAR P-5
HUBWRU-1000267-CAR P-5,HUBWRU-1000267-BookH-6
